Date,PredictedPrice,ClosePrice,Difference,Decision,VolumeMoved,Expenditure,Profit,USDBal,BTCBal,CombinedValUSD
2024-07-08 2:00:00,54869.62938,55384.2,-514.5706196,sell,0.0004413958462,0,24.44635583,24.44635583,0.001324187539,97.78542331
2024-07-08 3:00:00,55429.8248,55177.9,251.9248008,buy,0.000443046144,24.44635583,0,0,0.001767233683,97.51224342
2024-07-08 4:00:00,55100.44832,55483.1,-382.6516808,sell,0.0004418084207,0,24.51290079,24.51290079,0.001325425262,98.05160314
2024-07-08 5:00:00,55581.23121,55482.3,98.93120958,buy,0.0004418147911,24.51290079,0,0,0.001767240053,98.0505428
2024-07-08 6:00:00,55430.09572,55626.8,-196.7042786,sell,0.0004418100133,0,24.57647725,24.57647725,0.00132543004,98.30590899
2024-07-08 7:00:00,55600.98409,55859,-258.0159136,sell,0.00033135751,0,18.50929915,43.0857764,0.0009940725299,98.61367384
2024-07-08 8:00:00,55893.6532,57770,-1876.346801,sell,0.0002485181325,0,14.35689251,57.44266891,0.0007455543974,100.5133464
2024-07-08 9:00:00,57797.63825,57466.1,331.5382488,buy,0.0005220469111,30,0,27.44266891,0.001267601309,100.2867725
2024-07-08 10:00:00,57479.54217,56817,662.5421731,buy,0.0004830010192,27.44266891,0,0,0.001750602328,99.46397246
2024-07-08 11:00:00,56840.29424,57098.7,-258.4057633,sell,0.0004376505819,0,24.98927928,24.98927928,0.001312951746,99.95711713
2024-07-08 13:00:00,57182.56334,57149,33.56333885,buy,0.0004372653814,24.98927928,0,0,0.001750217127,100.0231586
2024-07-08 16:00:00,55686.57246,55788.1,-101.5275444,sell,0.0004375542818,0,24.41032203,24.41032203,0.001312662845,97.64128812
2024-07-08 17:00:00,55801.06645,56304.6,-503.533553,sell,0.0003281657114,0,18.47723911,42.88756114,0.0009844971341,98.31927848
2024-07-08 18:00:00,56288.09407,56256.3,31.79407251,buy,0.0005332736067,30,0,12.88756114,0.001517770741,98.27172727
2024-07-08 19:00:00,56238.91346,56480.7,-241.7865358,sell,0.0003794426852,0,21.43118847,34.31874961,0.001138328056,98.61231502
2024-07-08 20:00:00,56480.13702,56240,240.1370235,buy,0.000533428165,30,0,4.318749612,0.001671756221,98.33831946
2024-07-08 21:00:00,56236.00612,56670.9,-434.8938775,sell,0.0004179390551,0,23.6849824,28.00373201,0.001253817165,99.05867921
2024-07-09 0:00:00,56684.46396,56548.5,135.9639589,buy,0.0004952161775,28.00373201,0,-3.55E-15,0.001749033343,9.89E+01
2024-07-09 1:00:00,56549.70057,56564.9,-15.19943269,sell,0.0004372583357,0,24.73347403,24.73347403,0.001311775007,98.93389614
2024-07-09 2:00:00,56562.44847,57266.5,-704.0515295,sell,0.0003279437518,0,18.78019086,43.5136649,0.0009838312554,99.85423748
2024-07-09 3:00:00,57294.64321,57157.1,137.5432077,buy,0.0005248691764,30,0,13.5136649,0.001508700432,99.74660634
2024-07-09 4:00:00,57128.49152,57296.1,-167.6084787,sell,0.0003771751079,0,21.6106627,35.1243276,0.001131525324,99.9563157
2024-07-09 6:00:00,57304.99804,57511.8,-206.8019566,sell,0.000282881331,0,16.26901453,51.39334213,0.0008486439929,100.2003857
2024-07-09 7:00:00,57503.06022,57097,406.0602163,buy,0.0005254216509,30,0,21.39334213,0.001374065644,99.84836819
2024-07-09 8:00:00,57110.94388,57606,-495.0561166,sell,0.0003435164109,0,19.78860637,41.1819485,0.001030549233,100.5477676
2024-07-09 9:00:00,57613.95799,57640.2,-26.24200918,sell,0.0002576373082,0,14.85026597,56.03221447,0.0007729119246,100.5830124
2024-07-09 10:00:00,57637.04497,57422,215.0449658,buy,0.0005224478423,30,0,26.03221447,0.001295359767,100.414363
2024-07-09 12:00:00,57442.80267,57372,70.80266683,buy,0.0004537442388,26.03221447,0,0,0.001749104006,100.349595
2024-07-09 15:00:00,57110.161,57465.2,-355.0389987,sell,0.0004372760014,0,25.12815288,25.12815288,0.001311828004,100.5126115
2024-07-09 16:00:00,57462.83129,57677.3,-214.4687142,sell,0.0003279570011,0,18.91567434,44.04382721,0.0009838710032,100.7908502
2024-07-09 17:00:00,57685.20126,57538.7,146.5012602,buy,0.0005213882135,30,0,14.04382721,0.001505259217,100.6544857
2024-07-09 18:00:00,57530.74,57900,-369.2599995,sell,0.0003763148042,0,21.78862716,35.83245438,0.001128944413,101.1983359
2024-07-09 19:00:00,57887.75066,57856.8,30.95065906,buy,0.0005185215912,30,0,5.832454377,0.001647466004,101.1495655
2024-07-09 20:00:00,57842.42783,57906.1,-63.67216753,sell,0.0004118665009,0,23.84958279,29.68203717,0.001235599503,101.2307855
2024-07-09 21:00:00,57885.78452,57794.9,90.88451708,buy,0.0005135753703,29.68203717,0,0,0.001749174873,101.0933869
2024-07-09 22:00:00,57781.36056,57939.4,-158.0394378,sell,0.0004372937183,0,25.33653566,25.33653566,0.001311881155,101.3461426
2024-07-09 23:00:00,57949.70486,58001.6,-51.89514451,sell,0.0003279702887,0,19.0228015,44.35933716,0.0009839108661,101.4277416
2024-07-10 0:00:00,57989.61698,57498.6,491.0169826,buy,0.000521751834,30,0,14.35933716,0.0015056627,100.9328345
2024-07-10 1:00:00,57551.66241,57791.7,-240.0375907,sell,0.000376415675,0,21.75370177,36.11303892,0.001129247025,101.3741442
2024-07-10 2:00:00,57776.28005,57884.3,-108.0199535,sell,0.0002823117563,0,16.34141839,52.45445732,0.0008469352688,101.4787125
2024-07-10 3:00:00,57863.74843,58175,-311.2515716,sell,0.0002117338172,0,12.31761482,64.77207213,0.0006352014516,101.7249166
2024-07-10 4:00:00,58148.61405,59328.9,-1180.285949,sell,0.0001588003629,0,9.42145085,74.19352298,0.0004764010887,102.4578755
2024-07-10 5:00:00,59221.97016,58982.9,239.0701572,buy,0.0005086219904,30,0,44.19352298,0.0009850230791,102.2930408
2024-07-10 6:00:00,59014.87533,59280.2,-265.3246662,sell,0.0002462557698,0,14.59809128,58.79161427,0.0007387673094,102.5858881
2024-07-10 7:00:00,59515.12358,58950,565.1235804,buy,0.0005089058524,30,0,28.79161427,0.001247673162,102.3419472
2024-07-10 8:00:00,58927.67522,58741,186.6752203,buy,0.0004901451161,28.79161427,0,0,0.001737818278,102.0811835
2024-07-10 10:00:00,58508.14725,58643.9,-135.7527483,sell,0.0004344545695,0,25.47811033,25.47811033,0.001303363708,101.9124413
2024-07-10 11:00:00,58581.56317,58466.3,115.2631746,buy,0.0004357742892,25.47811033,0,0,0.001739137998,101.6809639
2024-07-10 18:00:00,57588.26256,57632.1,-43.83744397,sell,0.0004347844994,0,25.05754375,25.05754375,0.001304353498,100.230175
2024-07-10 19:00:00,57629.74605,57398.7,231.0460483,buy,0.0004365524611,25.05754375,0,0,0.001740905959,99.92573889
2024-07-10 21:00:00,57349.9055,57495.1,-145.1945027,sell,0.0004352264898,0,25.02339056,25.02339056,0.00130567947,100.0935622
2024-07-10 22:00:00,57498.96647,57683.7,-184.7335348,sell,0.0003264198674,0,18.8291057,43.85249626,0.0009792596021,100.3398134
2024-07-10 23:00:00,57688.59357,57743.1,-54.50642623,sell,0.0002448149005,0,14.13637128,57.98886754,0.0007344447016,100.3979814
2024-07-11 0:00:00,57745.911,57615.3,130.6109975,buy,0.0005206950237,30,0,27.98886754,0.001255139725,100.3041194
2024-07-11 1:00:00,57648.28043,58316.1,-667.8195658,sell,0.0003137849313,0,18.29871343,46.28758098,0.000941354794,101.1837213
2024-07-11 2:00:00,58282.59462,57850,432.5946205,buy,0.0005185825411,30,0,16.28758098,0.001459937335,100.7449558
2024-07-11 3:00:00,57807.53412,57561,246.5341225,buy,0.000282962092,16.28758098,0,0,0.001742899427,100.3230339
2024-07-11 4:00:00,57561.46009,57748.5,-187.0399142,sell,0.0004357248568,0,25.16245689,25.16245689,0.00130717457,100.6498276
2024-07-11 5:00:00,57643.31531,58015.9,-372.5846919,sell,0.0003267936426,0,18.95922729,44.12168418,0.0009803809277,100.999366
2024-07-11 6:00:00,58009.85263,57986.5,23.35262599,buy,0.0005173617997,30,0,14.12168418,0.001497742727,100.9705428
2024-07-11 7:00:00,58008.69712,58197.3,-188.6028808,sell,0.0003744356819,0,21.79114571,35.91282989,0.001123307046,101.286267
2024-07-11 8:00:00,58177.29171,58144.6,32.69171177,buy,0.00051595505,30,0,5.912829886,0.001639262096,101.2270687
2024-07-11 9:00:00,58137.12329,58276.8,-139.676713,sell,0.0004098155239,0,23.88273732,29.79556721,0.001229446572,101.4437792
2024-07-11 10:00:00,58272.35743,58433.4,-161.0425729,sell,0.0003073616429,0,17.96018583,47.75575303,0.0009220849288,101.6363105
2024-07-11 11:00:00,58417.3255,58781.7,-364.3744954,sell,0.0002305212322,0,13.55042991,61.30618295,0.0006915636966,101.9574727
2024-07-11 12:00:00,58792.31397,58811.5,-19.18602585,sell,0.0001728909241,0,10.16797459,71.47415753,0.0005186727724,101.9780813
2024-07-11 13:00:00,58809.86079,58514.2,295.6607869,buy,0.0005126960635,30,0,41.47415753,0.001031368836,101.8238799
2024-07-11 14:00:00,58548.73608,57816,732.7360792,buy,0.0005188875052,30,0,11.47415753,0.001550256341,101.1037782
2024-07-11 15:00:00,57809.85115,57359.9,449.9511511,buy,0.0002000379626,11.47415753,0,0,0.001750294304,100.3967062
2024-07-11 16:00:00,57307.74451,57647.5,-339.7554945,sell,0.0004375735759,0,25.22502272,25.22502272,0.001312720728,100.9000909
2024-07-11 17:00:00,57640.59494,57826.9,-186.3050594,sell,0.000328180182,0,18.97764256,44.20266528,0.0009845405459,101.135593
2024-07-11 18:00:00,57866.40127,57826.3,40.10127391,buy,0.0005187950811,30,0,14.20266528,0.001503335627,101.1350023
2024-07-11 19:00:00,57825.3321,57377.7,447.6320962,buy,0.0002475293587,14.20266528,0,0,0.001750864986,100.4606059
2024-07-11 20:00:00,57368.50114,57544.7,-176.19886,sell,0.0004377162464,0,25.18825009,25.18825009,0.001313148739,100.7530003
2024-07-11 21:00:00,57531.953,57456.4,75.55299737,buy,0.0004383889364,25.18825009,0,0,0.001751537676,100.6370493
2024-07-11 23:00:00,57299.26616,57350,-50.73384353,sell,0.0004378844189,0,25.11267142,25.11267142,0.001313653257,100.4506857
2024-07-12 0:00:00,57332.30315,57176.3,156.0031496,buy,0.0004392146995,25.11267142,0,0,0.001752867956,100.2225041
2024-07-12 2:00:00,56895.25692,57361.9,-466.6430796,sell,0.0004382169891,0,25.13695911,25.13695911,0.001314650967,100.5478364
2024-07-06 1:00:00,56620.89367,56255.2,365.6936717,buy,0.0005332840342,30,0,70,0.0005332840342,100
2024-07-06 2:00:00,56313.53553,56432.5,-118.9644731,sell,0.0001333210085,0,7.523637815,77.52363781,0.0003999630256,100.0945513
2024-07-06 3:00:00,56428.08569,56398.3,29.78569346,buy,0.000531930927,30,0,47.52363781,0.0009318939526,100.0808725
2024-07-06 4:00:00,56403.14669,56058.7,344.4466911,buy,0.0005351533303,30,0,17.52363781,0.001467047283,99.76440134
2024-07-06 5:00:00,56073.66319,56368.3,-294.6368063,sell,0.0003667618207,0,20.67374034,38.19737816,0.001100285462,100.2185992
2024-07-06 6:00:00,56345.16879,56439.4,-94.23121335,sell,0.0002750713656,0,15.52486283,53.72224098,0.0008252140967,100.2968295
2024-07-06 7:00:00,56453.68205,56623.1,-169.4179531,sell,0.0002063035242,0,11.68154508,65.40378606,0.0006189105725,100.4484213
2024-07-06 8:00:00,56595.26494,56554.7,40.56493686,buy,0.000530459891,30,0,35.40378606,0.001149370464,100.4060878
2024-07-06 9:00:00,56579.23166,56732,-152.7683425,sell,0.0002873426159,0,16.30152128,51.70530735,0.0008620278477,100.6098712
2024-07-06 10:00:00,56733.11224,56785.6,-52.48775741,sell,0.0002155069619,0,12.23769214,63.94299949,0.0006465208857,100.6560759
2024-07-06 11:00:00,56802.35576,56742,60.35575829,buy,0.0005287088929,30,0,33.94299949,0.001175229779,100.6278876
2024-07-06 13:00:00,56767.69471,56977,-209.3052896,sell,0.0002938074447,0,16.74026677,50.68326626,0.000881422334,100.9040666
2024-07-06 14:00:00,56977.46686,57082.5,-105.0331363,sell,0.0002203555835,0,12.57844759,63.26171385,0.0006610667505,100.9970566
2024-07-06 15:00:00,57103.85948,57313,-209.140517,sell,0.0001652666876,0,9.471929668,72.73364352,0.0004958000629,101.1494325
2024-07-06 16:00:00,57325.38896,57854.5,-529.1110429,sell,0.0001239500157,0,7.171066184,79.90470971,0.0003718500471,101.4179083
2024-07-06 18:00:00,57988.95956,57811,177.9595625,buy,0.0005189323831,30,0,49.90470971,0.0008907824303,101.4017328
2024-07-06 19:00:00,57825.74556,57863.5,-37.75443553,sell,0.0002226956076,0,12.88594729,62.79065699,0.0006680868227,101.4484989
2024-07-06 20:00:00,57830.97384,58011.5,-180.5261627,sell,0.0001670217057,0,9.689179679,72.47983667,0.000501065117,101.5473757
2024-07-06 21:00:00,58044.06223,57880.7,163.3622281,buy,0.0005183074842,30,0,42.47983667,0.001019372601,101.4818364
2024-07-06 22:00:00,57858.16263,58108.2,-250.0373678,sell,0.0002548431503,0,14.80847675,57.28831342,0.0007645294509,101.7137437
2024-07-06 23:00:00,58128.46683,58234.9,-106.4331749,sell,0.0001911323627,0,11.13057403,68.41888745,0.0005733970882,101.8106095
2024-07-07 0:00:00,58215.48756,57956.9,258.587564,buy,0.000517626029,30,0,38.41888745,0.001091023117,101.6512051
2024-07-07 1:00:00,57874.41154,58118.9,-244.4884576,sell,0.0002727557793,0,15.85226586,54.27115331,0.0008182673379,101.8279509
2024-07-07 2:00:00,58098.95226,58369.2,-270.2477423,sell,0.0002045668345,0,11.94040247,66.21155579,0.0006137005034,102.0327632
2024-07-07 3:00:00,58352.55801,57943.5,409.0580068,buy,0.0005177457351,30,0,36.21155579,0.001131446238,101.7715109
2024-07-07 4:00:00,57981.07924,57588.9,392.1792379,buy,0.0005209337216,30,0,6.211555785,0.00165237996,101.3703001
2024-07-07 5:00:00,57623.59341,57676.5,-52.90658722,sell,0.00041309499,0,23.82587319,30.03742898,0.00123928497,101.5150486
2024-07-07 6:00:00,57711.16116,57648.6,62.56116005,buy,0.0005203942507,30,0,0.03742897704,0.001759679221,101.4804725
2024-07-07 8:00:00,57281.74037,57632.1,-350.3596334,sell,0.0004399198052,0,25.3535022,25.39093118,0.001319759416,101.4514378
2024-07-07 9:00:00,57614.75013,57695.9,-81.14986871,sell,0.0003299398539,0,19.03617682,44.427108,0.0009898195617,101.5356384
2024-07-07 10:00:00,57722.18202,57534.2,187.9820151,buy,0.0005214289935,30,0,14.427108,0.001511248555,101.3755846
2024-07-07 12:00:00,57404.53838,57318.8,85.73837647,buy,0.0002516994075,14.427108,0,0,0.001762947963,101.0500617
2024-07-07 15:00:00,56654.38362,56811.3,-156.9163811,sell,0.0004407369907,0,25.0388414,25.0388414,0.001322210972,100.1553656
2024-07-07 16:00:00,56778.82153,57100,-321.1784678,sell,0.000330552743,0,18.87456163,43.91340302,0.000991658229,100.5370879
2024-07-07 17:00:00,57101.11849,57224.9,-123.7815104,sell,0.0002479145573,0,14.18688575,58.10028877,0.0007437436718,100.660946
2024-07-07 18:00:00,57237.64038,57168,69.64038038,buy,0.0005247691016,30,0,28.10028877,0.001268512773,100.618627
2024-07-07 19:00:00,57174.89893,57129.2,45.69892828,buy,0.000491872611,28.10028877,0,0,0.001760385384,100.5694087
2024-07-07 20:00:00,57151.82756,57250.9,-99.07244497,sell,0.0004400963461,0,25.1959119,25.1959119,0.001320289038,100.7836476
2024-07-07 21:00:00,57217.90985,56582.6,635.309855,buy,0.0004452943467,25.1959119,0,0,0.001765583385,99.90129844
2024-07-08 2:00:00,54869.62938,55384.2,-514.5706196,sell,0.0004413958462,0,24.44635583,24.44635583,0.001324187539,97.78542331
2024-07-08 3:00:00,55429.8248,55177.9,251.9248008,buy,0.000443046144,24.44635583,0,0,0.001767233683,97.51224342
2024-07-08 4:00:00,55100.44832,55483.1,-382.6516808,sell,0.0004418084207,0,24.51290079,24.51290079,0.001325425262,98.05160314
2024-07-08 5:00:00,55581.23121,55482.3,98.93120958,buy,0.0004418147911,24.51290079,0,0,0.001767240053,98.0505428
2024-07-08 6:00:00,55430.09572,55626.8,-196.7042786,sell,0.0004418100133,0,24.57647725,24.57647725,0.00132543004,98.30590899
2024-07-08 7:00:00,55600.98409,55859,-258.0159136,sell,0.00033135751,0,18.50929915,43.0857764,0.0009940725299,98.61367384
2024-07-08 8:00:00,55893.6532,57770,-1876.346801,sell,0.0002485181325,0,14.35689251,57.44266891,0.0007455543974,100.5133464
2024-07-08 9:00:00,57797.63825,57466.1,331.5382488,buy,0.0005220469111,30,0,27.44266891,0.001267601309,100.2867725
2024-07-08 10:00:00,57479.54217,56817,662.5421731,buy,0.0004830010192,27.44266891,0,0,0.001750602328,99.46397246
2024-07-08 11:00:00,56840.29424,57098.7,-258.4057633,sell,0.0004376505819,0,24.98927928,24.98927928,0.001312951746,99.95711713
2024-07-08 13:00:00,57182.56334,57149,33.56333885,buy,0.0004372653814,24.98927928,0,0,0.001750217127,100.0231586
2024-07-08 16:00:00,55686.57246,55788.1,-101.5275444,sell,0.0004375542818,0,24.41032203,24.41032203,0.001312662845,97.64128812
2024-07-08 17:00:00,55801.06645,56304.6,-503.533553,sell,0.0003281657114,0,18.47723911,42.88756114,0.0009844971341,98.31927848
2024-07-08 18:00:00,56288.09407,56256.3,31.79407251,buy,0.0005332736067,30,0,12.88756114,0.001517770741,98.27172727
2024-07-08 19:00:00,56238.91346,56480.7,-241.7865358,sell,0.0003794426852,0,21.43118847,34.31874961,0.001138328056,98.61231502
2024-07-08 20:00:00,56480.13702,56240,240.1370235,buy,0.000533428165,30,0,4.318749612,0.001671756221,98.33831946
2024-07-08 21:00:00,56236.00612,56670.9,-434.8938775,sell,0.0004179390551,0,23.6849824,28.00373201,0.001253817165,99.05867921
2024-07-09 0:00:00,56684.46396,56548.5,135.9639589,buy,0.0004952161775,28.00373201,0,-3.55E-15,0.001749033343,9.89E+01
2024-07-09 1:00:00,56549.70057,56564.9,-15.19943269,sell,0.0004372583357,0,24.73347403,24.73347403,0.001311775007,98.93389614
2024-07-09 2:00:00,56562.44847,57266.5,-704.0515295,sell,0.0003279437518,0,18.78019086,43.5136649,0.0009838312554,99.85423748
2024-07-09 3:00:00,57294.64321,57157.1,137.5432077,buy,0.0005248691764,30,0,13.5136649,0.001508700432,99.74660634
2024-07-09 4:00:00,57128.49152,57296.1,-167.6084787,sell,0.0003771751079,0,21.6106627,35.1243276,0.001131525324,99.9563157
2024-07-09 6:00:00,57304.99804,57511.8,-206.8019566,sell,0.000282881331,0,16.26901453,51.39334213,0.0008486439929,100.2003857
2024-07-09 7:00:00,57503.06022,57097,406.0602163,buy,0.0005254216509,30,0,21.39334213,0.001374065644,99.84836819
2024-07-09 8:00:00,57110.94388,57606,-495.0561166,sell,0.0003435164109,0,19.78860637,41.1819485,0.001030549233,100.5477676
2024-07-09 9:00:00,57613.95799,57640.2,-26.24200918,sell,0.0002576373082,0,14.85026597,56.03221447,0.0007729119246,100.5830124
2024-07-09 10:00:00,57637.04497,57422,215.0449658,buy,0.0005224478423,30,0,26.03221447,0.001295359767,100.414363
2024-07-09 12:00:00,57442.80267,57372,70.80266683,buy,0.0004537442388,26.03221447,0,0,0.001749104006,100.349595
2024-07-09 15:00:00,57110.161,57465.2,-355.0389987,sell,0.0004372760014,0,25.12815288,25.12815288,0.001311828004,100.5126115
2024-07-09 16:00:00,57462.83129,57677.3,-214.4687142,sell,0.0003279570011,0,18.91567434,44.04382721,0.0009838710032,100.7908502
2024-07-09 17:00:00,57685.20126,57538.7,146.5012602,buy,0.0005213882135,30,0,14.04382721,0.001505259217,100.6544857
2024-07-09 18:00:00,57530.74,57900,-369.2599995,sell,0.0003763148042,0,21.78862716,35.83245438,0.001128944413,101.1983359
2024-07-09 19:00:00,57887.75066,57856.8,30.95065906,buy,0.0005185215912,30,0,5.832454377,0.001647466004,101.1495655
2024-07-09 20:00:00,57842.42783,57906.1,-63.67216753,sell,0.0004118665009,0,23.84958279,29.68203717,0.001235599503,101.2307855
2024-07-09 21:00:00,57885.78452,57794.9,90.88451708,buy,0.0005135753703,29.68203717,0,0,0.001749174873,101.0933869
2024-07-09 22:00:00,57781.36056,57939.4,-158.0394378,sell,0.0004372937183,0,25.33653566,25.33653566,0.001311881155,101.3461426
2024-07-09 23:00:00,57949.70486,58001.6,-51.89514451,sell,0.0003279702887,0,19.0228015,44.35933716,0.0009839108661,101.4277416
2024-07-10 0:00:00,57989.61698,57498.6,491.0169826,buy,0.000521751834,30,0,14.35933716,0.0015056627,100.9328345
2024-07-10 1:00:00,57551.66241,57791.7,-240.0375907,sell,0.000376415675,0,21.75370177,36.11303892,0.001129247025,101.3741442
2024-07-10 2:00:00,57776.28005,57884.3,-108.0199535,sell,0.0002823117563,0,16.34141839,52.45445732,0.0008469352688,101.4787125
2024-07-10 3:00:00,57863.74843,58175,-311.2515716,sell,0.0002117338172,0,12.31761482,64.77207213,0.0006352014516,101.7249166
2024-07-10 4:00:00,58148.61405,59328.9,-1180.285949,sell,0.0001588003629,0,9.42145085,74.19352298,0.0004764010887,102.4578755
2024-07-10 5:00:00,59221.97016,58982.9,239.0701572,buy,0.0005086219904,30,0,44.19352298,0.0009850230791,102.2930408
2024-07-10 6:00:00,59014.87533,59280.2,-265.3246662,sell,0.0002462557698,0,14.59809128,58.79161427,0.0007387673094,102.5858881
2024-07-10 7:00:00,59515.12358,58950,565.1235804,buy,0.0005089058524,30,0,28.79161427,0.001247673162,102.3419472
2024-07-10 8:00:00,58927.67522,58741,186.6752203,buy,0.0004901451161,28.79161427,0,0,0.001737818278,102.0811835
2024-07-10 10:00:00,58508.14725,58643.9,-135.7527483,sell,0.0004344545695,0,25.47811033,25.47811033,0.001303363708,101.9124413
2024-07-10 11:00:00,58581.56317,58466.3,115.2631746,buy,0.0004357742892,25.47811033,0,0,0.001739137998,101.6809639
2024-07-10 18:00:00,57588.26256,57632.1,-43.83744397,sell,0.0004347844994,0,25.05754375,25.05754375,0.001304353498,100.230175
2024-07-10 19:00:00,57629.74605,57398.7,231.0460483,buy,0.0004365524611,25.05754375,0,0,0.001740905959,99.92573889
2024-07-10 21:00:00,57349.9055,57495.1,-145.1945027,sell,0.0004352264898,0,25.02339056,25.02339056,0.00130567947,100.0935622
2024-07-10 22:00:00,57498.96647,57683.7,-184.7335348,sell,0.0003264198674,0,18.8291057,43.85249626,0.0009792596021,100.3398134
2024-07-10 23:00:00,57688.59357,57743.1,-54.50642623,sell,0.0002448149005,0,14.13637128,57.98886754,0.0007344447016,100.3979814
2024-07-11 0:00:00,57745.911,57615.3,130.6109975,buy,0.0005206950237,30,0,27.98886754,0.001255139725,100.3041194
2024-07-11 1:00:00,57648.28043,58316.1,-667.8195658,sell,0.0003137849313,0,18.29871343,46.28758098,0.000941354794,101.1837213
2024-07-11 2:00:00,58282.59462,57850,432.5946205,buy,0.0005185825411,30,0,16.28758098,0.001459937335,100.7449558
2024-07-11 3:00:00,57807.53412,57561,246.5341225,buy,0.000282962092,16.28758098,0,0,0.001742899427,100.3230339
2024-07-11 4:00:00,57561.46009,57748.5,-187.0399142,sell,0.0004357248568,0,25.16245689,25.16245689,0.00130717457,100.6498276
2024-07-11 5:00:00,57643.31531,58015.9,-372.5846919,sell,0.0003267936426,0,18.95922729,44.12168418,0.0009803809277,100.999366
2024-07-11 6:00:00,58009.85263,57986.5,23.35262599,buy,0.0005173617997,30,0,14.12168418,0.001497742727,100.9705428
2024-07-11 7:00:00,58008.69712,58197.3,-188.6028808,sell,0.0003744356819,0,21.79114571,35.91282989,0.001123307046,101.286267
2024-07-11 8:00:00,58177.29171,58144.6,32.69171177,buy,0.00051595505,30,0,5.912829886,0.001639262096,101.2270687
2024-07-11 9:00:00,58137.12329,58276.8,-139.676713,sell,0.0004098155239,0,23.88273732,29.79556721,0.001229446572,101.4437792
2024-07-11 10:00:00,58272.35743,58433.4,-161.0425729,sell,0.0003073616429,0,17.96018583,47.75575303,0.0009220849288,101.6363105
2024-07-11 11:00:00,58417.3255,58781.7,-364.3744954,sell,0.0002305212322,0,13.55042991,61.30618295,0.0006915636966,101.9574727
2024-07-11 12:00:00,58792.31397,58811.5,-19.18602585,sell,0.0001728909241,0,10.16797459,71.47415753,0.0005186727724,101.9780813
2024-07-11 13:00:00,58809.86079,58514.2,295.6607869,buy,0.0005126960635,30,0,41.47415753,0.001031368836,101.8238799
2024-07-11 14:00:00,58548.73608,57816,732.7360792,buy,0.0005188875052,30,0,11.47415753,0.001550256341,101.1037782
2024-07-11 15:00:00,57809.85115,57359.9,449.9511511,buy,0.0002000379626,11.47415753,0,0,0.001750294304,100.3967062
2024-07-11 16:00:00,57307.74451,57647.5,-339.7554945,sell,0.0004375735759,0,25.22502272,25.22502272,0.001312720728,100.9000909
2024-07-11 17:00:00,57640.59494,57826.9,-186.3050594,sell,0.000328180182,0,18.97764256,44.20266528,0.0009845405459,101.135593
2024-07-11 18:00:00,57866.40127,57826.3,40.10127391,buy,0.0005187950811,30,0,14.20266528,0.001503335627,101.1350023
2024-07-11 19:00:00,57825.3321,57377.7,447.6320962,buy,0.0002475293587,14.20266528,0,0,0.001750864986,100.4606059
2024-07-11 20:00:00,57368.50114,57544.7,-176.19886,sell,0.0004377162464,0,25.18825009,25.18825009,0.001313148739,100.7530003
2024-07-11 21:00:00,57531.953,57456.4,75.55299737,buy,0.0004383889364,25.18825009,0,0,0.001751537676,100.6370493
2024-07-11 23:00:00,57299.26616,57350,-50.73384353,sell,0.0004378844189,0,25.11267142,25.11267142,0.001313653257,100.4506857
2024-07-12 0:00:00,57332.30315,57176.3,156.0031496,buy,0.0004392146995,25.11267142,0,0,0.001752867956,100.2225041
2024-07-12 2:00:00,56895.25692,57361.9,-466.6430796,sell,0.0004382169891,0,25.13695911,25.13695911,0.001314650967,100.5478364
2024-07-12 3:00:00,57329.78816,56930,399.7881622,buy,0.0004415415265,25.13695911,0,0,0.001756192494,99.98003867
2024-07-12 4:00:00,56994.68075,57035.1,-40.41925408,sell,0.0004390481234,0,25.04115362,25.04115362,0.00131714437,100.1646145
2024-07-12 5:00:00,57165.46555,57008.8,156.6655544,buy,0.0004392506705,25.04115362,0,0,0.001756395041,100.1299736
2024-07-12 6:00:00,57043.73041,57243,-199.2695949,sell,0.0004390987602,0,25.13533033,25.13533033,0.001317296281,100.5413213
2024-07-12 7:00:00,57284.06896,57063.8,220.2689604,buy,0.0004404776817,25.13533033,0,0,0.001757773962,100.3052618
2024-07-12 8:00:00,57082.25775,57282.6,-200.3422466,sell,0.0004394434906,0,25.17246569,25.17246569,0.001318330472,100.6898628
2024-07-12 9:00:00,57274.34661,56922.9,351.4466129,buy,0.0004422203664,25.17246569,0,0,0.001760550838,100.2156593
2024-07-12 10:00:00,56948.2688,57176.3,-228.0311967,sell,0.0004401377095,0,25.16544572,25.16544572,0.001320413129,100.6617829
2024-07-12 11:00:00,57176.74544,57199.3,-22.55455638,sell,0.0003301032821,0,18.88167667,44.04712239,0.0009903098464,100.6921524
2024-07-12 12:00:00,57221.57294,57388.4,-166.8270583,sell,0.0002475774616,0,14.2080744,58.25519678,0.0007427323848,100.87942
2024-07-12 13:00:00,57339.72036,57871,-531.2796378,sell,0.0001856830962,0,10.74566646,69.00086324,0.0005570492886,101.2378626
2024-07-12 14:00:00,57822.96324,57799.9,23.06323921,buy,0.0005190320398,30,0,39.00086324,0.001076081328,101.1982564
2024-07-12 15:00:00,57783.2668,58221.5,-438.2331987,sell,0.0002690203321,0,15.66276727,54.66363051,0.0008070609963,101.6519323
2024-07-12 16:00:00,58193.36737,58144.1,49.26737095,buy,0.0005159594869,30,0,24.66363051,0.001323020483,101.5894658
2024-07-12 17:00:00,58115.73091,58186.8,-71.0690906,sell,0.0003307551208,0,19.24558206,43.90921257,0.0009922653624,101.6459588
2024-07-12 18:00:00,58165.42423,58324.8,-159.3757715,sell,0.0002480663406,0,14.4684197,58.37763228,0.0007441990218,101.7828914
2024-07-12 19:00:00,58331.49962,57637.5,693.9996248,buy,0.0005204944697,30,0,28.37763228,0.001264693492,101.2714034
2024-07-12 20:00:00,57685.46474,57568.6,116.864741,buy,0.0004929359456,28.37763228,0,0,0.001757629437,101.184266
2024-07-12 21:00:00,57557.96644,57623.9,-65.93355538,sell,0.0004394073593,0,25.32036573,25.32036573,0.001318222078,101.2814629
2024-07-12 22:00:00,57632.32155,57804.9,-172.5784504,sell,0.0003295555195,0,19.04992385,44.37028958,0.0009886665584,101.5200611
2024-07-12 23:00:00,57713.66354,57911.4,-197.7364612,sell,0.0002471666396,0,14.31376613,58.68405571,0.0007414999188,101.6253541
2024-07-13 0:00:00,57953.11357,57846.1,107.0135654,buy,0.000518617504,30,0,28.68405571,0.001260117423,101.5769342
2024-07-13 1:00:00,57829.3311,57905.1,-75.7688991,sell,0.0003150293557,0,18.24180634,46.92586205,0.0009450880671,101.6512811
2024-07-13 2:00:00,57919.77295,57947.4,-27.62704965,sell,0.0002362720168,0,13.69134906,60.61721112,0.0007088160503,101.6912583
2024-07-13 3:00:00,57944.59887,57836.8,107.798869,buy,0.0005187008963,30,0,30.61721112,0.001227516947,101.6128633
2024-07-13 4:00:00,57855.66119,57837,18.66119203,buy,0.0005186991027,30,0,0.6172111187,0.001746216049,101.6131088
2024-07-13 5:00:00,57827.01034,58088.1,-261.0896641,sell,0.0004365540123,0,25.35859312,25.97580424,0.001309662037,102.0515836
2024-07-13 6:00:00,58101.274,58062.1,39.1739966,buy,0.000447379689,25.97580424,0,0,0.001757041726,102.0175324
2024-07-13 7:00:00,58080.58436,58180.1,-99.51563543,sell,0.0004392604315,0,25.55621583,25.55621583,0.001317781294,102.2248633
2024-07-13 8:00:00,58170.95501,57967.3,203.6550067,buy,0.000440872972,25.55621583,0,0,0.001758654267,101.9444395
2024-07-13 9:00:00,57988.99199,58647.9,-658.908013,sell,0.0004396635666,0,25.78534489,25.78534489,0.0013189907,103.1413796
2024-07-13 10:00:00,58634.44316,58462.3,172.1431631,buy,0.0004410593646,25.78534489,0,0,0.001760050064,102.8965749
2024-07-13 11:00:00,58522.68625,58545.8,-23.11374662,sell,0.0004400125161,0,25.76088477,25.76088477,0.001320037548,103.0435391
2024-07-13 12:00:00,58499.29714,58775.2,-275.9028586,sell,0.0003300093871,0,19.39636773,45.15725249,0.0009900281613,103.3463557
2024-07-13 13:00:00,58696.44311,58614.4,82.04311382,buy,0.0005118196211,30,0,15.15725249,0.001501847782,103.1871591
2024-07-13 14:00:00,58617.24583,58750.1,-132.8541667,sell,0.0003754619456,0,22.05842685,37.21567934,0.001126385837,103.3909599
2024-07-13 15:00:00,58739.57698,58851,-111.4230232,sell,0.0002815964592,0,16.57223322,53.78791256,0.0008447893776,103.5046122
2024-07-13 16:00:00,58807.35987,58630,177.3598735,buy,0.0005116834385,30,0,23.78791256,0.001356472816,103.3179138
2024-07-13 17:00:00,58673.35299,58704.1,-30.74700846,sell,0.000339118204,0,19.90762896,43.69554152,0.001017354612,103.4184284
2024-07-13 18:00:00,58686.67824,58666.1,20.57823874,buy,0.0005113685757,30,0,13.69554152,0.001528723188,103.3797689
2024-07-13 20:00:00,58667.40367,58608,59.40367071,buy,0.0002336804109,13.69554152,0,0,0.001762403599,103.2909501
2024-07-13 21:00:00,58615.66526,58664.7,-49.03474304,sell,0.0004406008997,0,25.8477196,25.8477196,0.001321802699,103.3908784
2024-07-13 22:00:00,58654.26765,59466.4,-812.1323489,sell,0.0003304506748,0,19.65071201,45.49843161,0.0009913520243,104.4505676
2024-07-13 23:00:00,59408.33689,59222.8,185.5368947,buy,0.0005065616621,30,0,15.49843161,0.001497913686,104.2090743
2024-07-14 0:00:00,59212.83583,59761.4,-548.5641744,sell,0.0003744784216,0,22.37935474,37.87778635,0.001123435265,105.0158506
2024-07-14 1:00:00,59761.20673,59709.9,51.30672589,buy,0.0005024292454,30,0,7.877786349,0.00162586451,104.9579937
2024-07-14 2:00:00,59786.48566,59367,419.4856606,buy,0.000132696386,7.877786349,0,8.88E-16,0.001758560896,1.04E+02
2024-07-14 3:00:00,59436.99804,59475.4,-38.4019595,sell,0.000439640224,0,26.14777818,26.14777818,0.001318920672,104.5911127
2024-07-14 4:00:00,59442.40734,59973.1,-530.6926581,sell,0.000329730168,0,19.77494034,45.92271852,0.0009891905041,105.2475395
2024-07-14 5:00:00,59981.77119,60289,-307.2288119,sell,0.000247297626,0,14.90932658,60.8320451,0.0007418928781,105.5600248
2024-07-14 6:00:00,60313.58553,59872.6,440.9855283,buy,0.0005010639257,30,0,30.8320451,0.001242956804,105.2511006
2024-07-14 7:00:00,59838.60739,60122.2,-283.5926086,sell,0.000310739201,0,18.68232439,49.51436948,0.0009322176029,105.5613426
2024-07-14 8:00:00,60085.62025,60236.1,-150.4797468,sell,0.0002330544007,0,14.03828819,63.55265767,0.0006991632021,105.6675222
2024-07-14 10:00:00,60257.87152,59980.5,277.3715194,buy,0.0005001625528,30,0,33.55265767,0.001199325755,105.4888161
2024-07-14 11:00:00,60009.3307,60115.2,-105.869298,sell,0.0002998314387,0,18.02442691,51.57708458,0.0008994943162,105.6503653
2024-07-14 12:00:00,60121.74524,59604.5,517.245239,buy,0.0005033177025,30,0,21.57708458,0.001402812019,105.1909935
2024-07-14 13:00:00,59614.80838,59670.9,-56.09162237,sell,0.0003507030047,0,20.92676392,42.5038485,0.001052109014,105.2841403
2024-07-14 14:00:00,59698.4212,60005.5,-307.0787987,sell,0.0002630272535,0,15.78308186,58.28693036,0.0007890817605,105.6361759
2024-07-14 15:00:00,59984.05423,60100.1,-116.0457715,sell,0.0001972704401,0,11.85597318,70.14290354,0.0005918113204,105.7108231
2024-07-14 16:00:00,60070.72151,60100,-29.27848588,sell,0.0001479528301,0,8.891965089,79.03486863,0.0004438584903,105.7107639
2024-07-14 17:00:00,60115.93751,60012.2,103.7375098,buy,0.000499898354,30,0,49.03486863,0.0009437568443,105.6717931
2024-07-14 18:00:00,59993.35555,60047.1,-53.74444923,sell,0.0002359392111,0,14.1674654,63.20233403,0.0007078176332,105.7047302
2024-07-14 19:00:00,60072.21239,59932.3,139.9123922,buy,0.000500564804,30,0,33.20233403,0.001208382437,105.6234728
2024-07-14 20:00:00,59959.92469,60149.8,-189.8753115,sell,0.0003020956093,0,18.17099048,51.37332451,0.0009062868279,105.886296
2024-07-14 21:00:00,60129.95578,61300,-1170.044223,sell,0.000226571707,0,13.88884564,65.26217015,0.0006797151209,106.9287071
2024-07-14 22:00:00,61289.36398,60895.5,393.863984,buy,0.0004926472399,30,0,35.26217015,0.001172362361,106.6537623
2024-07-14 23:00:00,60906.43223,60810,96.43222821,buy,0.0004933399112,30,0,5.262170149,0.001665702272,106.5535253
2024-07-15 0:00:00,60843.5807,61250.1,-406.5192972,sell,0.000416425568,0,25.50610768,30.76827783,0.001249276704,107.2866009
2024-07-15 1:00:00,61201.10642,61424.1,-222.9935796,sell,0.000312319176,0,19.1839243,49.95220213,0.000936957528,107.503975
2024-07-15 2:00:00,61459.76719,62512.3,-1052.532807,sell,0.000234239382,0,14.64284252,64.59504465,0.000702718146,108.5235722
2024-07-15 3:00:00,62485.36324,62679.7,-194.33676,sell,0.0001756795365,0,11.01154064,75.6065853,0.0005270386095,108.6412072
2024-07-15 4:00:00,62676.52208,62624.3,52.22208301,buy,0.0004790472708,30,0,45.6065853,0.00100608588,108.6120093
2024-07-15 5:00:00,62644.35118,62794,-149.6488153,sell,0.0002515214701,0,15.79403919,61.40062449,0.0007545644102,108.7827421
2024-07-15 6:00:00,62786.59649,62906.2,-119.6035051,sell,0.0001886411026,0,11.86669493,73.26731941,0.0005659233077,108.8674042
2024-07-15 7:00:00,62932.48588,62867.9,64.58587751,buy,0.0004771910625,30,0,43.26731941,0.00104311437,108.8457293
2024-07-15 9:00:00,62893.74461,62689.2,204.5446138,buy,0.0004785513294,30,0,13.26731941,0.0015216657,108.6593248
2024-07-15 10:00:00,62669.28191,62515.1,154.1819054,buy,0.0002122258369,13.26731941,0,0,0.001733891536,108.3944028
2024-07-15 12:00:00,62474.11989,62639.2,-165.0801148,sell,0.0004334728841,0,27.15239468,27.15239468,0.001300418652,108.6095787
2024-07-15 13:00:00,62636.54458,62908.4,-271.8554165,sell,0.0003251046631,0,20.45181419,47.60420887,0.0009753139893,108.9596514
2024-07-15 14:00:00,62901.35331,63253.5,-352.1466874,sell,0.0002438284973,0,15.42300586,63.02721473,0.0007314854919,109.2962323
2024-07-15 15:00:00,63255.97084,63023.9,232.0708379,buy,0.0004760098947,30,0,33.02721473,0.001207495387,109.1282832
2024-07-15 16:00:00,63010.88065,63482.5,-471.6193469,sell,0.0003018738467,0,19.16370647,52.1909212,0.00090562154,109.6820406
2024-07-15 17:00:00,63469.99026,63159.6,310.390259,buy,0.0004749871753,30,0,22.1909212,0.001380608715,109.3896154
2024-07-15 18:00:00,63157.90504,63540,-382.0949627,sell,0.0003451521788,0,21.93096944,44.12189064,0.001035456536,109.914799
2024-07-15 19:00:00,63584.59928,63471,113.5992827,buy,0.0004726568039,30,0,14.12189064,0.00150811334,109.8433525
2024-07-15 20:00:00,63518.32798,63814,-295.6720217,sell,0.0003770283351,0,24.05968618,38.18157681,0.001131085005,110.3606353
2024-07-15 21:00:00,63908.10658,63561.8,346.3065791,buy,0.000471981599,30,0,8.181576814,0.001603066604,110.0753757
2024-07-15 22:00:00,63621.10063,64374.3,-753.1993695,sell,0.0004007666511,0,25.79907263,33.98064944,0.001202299953,111.3778673
2024-07-15 23:00:00,64476.65198,64764.2,-287.5480243,sell,0.0003005749883,0,19.46649866,53.4471481,0.0009017249649,111.8466441
2024-07-16 0:00:00,64800.54293,64654.3,146.2429284,buy,0.000464006261,30,0,23.4471481,0.001365731226,111.7475445
2024-07-16 1:00:00,64632.69343,64846.1,-213.4065723,sell,0.0003414328065,0,22.14058591,45.58773401,0.001024298419,112.0094917
2024-07-16 2:00:00,64905.29108,64817.4,87.89108062,buy,0.0004628386822,30,0,15.58773401,0.001487137102,111.9800944
2024-07-16 3:00:00,64804.62067,64788.2,16.42066656,buy,0.0002405952629,15.58773401,0,0,0.001727732364,111.93667
2024-07-16 7:00:00,62887.2974,62936.6,-49.30259786,sell,0.0004319330911,0,27.18440018,27.18440018,0.001295799273,108.7376007
2024-07-16 8:00:00,62923.88267,62820,103.8826667,buy,0.0004327348007,27.18440018,0,0,0.001728534074,108.5865105
2024-07-16 9:00:00,62830.21134,63182.7,-352.4886571,sell,0.0004321335185,0,27.30336246,27.30336246,0.001296400556,109.2134498
2024-07-16 10:00:00,63220.38887,63469.9,-249.511134,sell,0.0003241001389,0,20.57060341,47.87396587,0.0009723004167,109.5857761
2024-07-16 11:00:00,63447.45519,63741.7,-294.2448113,sell,0.0002430751042,0,15.49402037,63.36798623,0.0007292253125,109.8500473
2024-07-16 12:00:00,63738.22144,63777,-38.77855849,sell,0.0001823063281,0,11.62695069,74.99493692,0.0005469189844,109.875789
2024-07-16 13:00:00,63797.3522,63467.9,329.4521964,buy,0.0004726798901,30,0,44.99493692,0.001019598875,109.7067363
2024-07-16 14:00:00,63461.83028,63857.5,-395.669722,sell,0.0002548997186,0,16.27725878,61.27219571,0.0007646991559,110.1039721
2024-07-16 15:00:00,63867.32465,64898.1,-1030.775348,sell,0.000191174789,0,12.40688057,73.67907628,0.0005735243669,110.899718
2024-07-16 16:00:00,64925.8486,64510.9,414.9486008,buy,0.0004650376913,30,0,43.67907628,0.001038562058,110.6776494
2024-07-16 17:00:00,64512.59614,64562.1,-49.50385692,sell,0.0002596405146,0,16.76293686,60.44201314,0.0007789215437,110.7308237
2024-07-16 18:00:00,64509.48882,64800,-290.5111819,sell,0.0001947303859,0,12.61852901,73.06054215,0.0005841911578,110.9161292
2024-07-16 19:00:00,64915.03141,65200.9,-285.8685875,sell,0.0001460477894,0,9.522447314,82.58298947,0.0004381433683,111.1503314
2024-07-16 20:00:00,65222.42685,64700,522.4268504,buy,0.0004636785162,30,0,52.58298947,0.0009018218845,110.9308654
2024-07-16 21:00:00,64698.6695,64558.1,140.5694996,buy,0.0004646976909,30,0,22.58298947,0.001366519575,110.8028969
2024-07-16 22:00:00,64574.23174,64700,-125.7682571,sell,0.0003416298939,0,22.10345413,44.6864436,0.001024889682,110.996806
2024-07-16 23:00:00,64710.82315,65088.7,-377.8768528,sell,0.0002562224204,0,16.67718425,61.36362785,0.0007686672612,111.3951806
2024-07-17 0:00:00,65015.57182,65517.6,-502.0281822,sell,0.0001921668153,0,12.59030854,73.95393639,0.0005765004459,111.724862
2024-07-17 1:00:00,65582.35967,65700.8,-118.4403263,sell,0.0001441251115,0,9.469135124,83.42307152,0.0004323753344,111.8304769
2024-07-17 2:00:00,65768.80684,65646.5,122.3068411,buy,0.0004569931375,30,0,53.42307152,0.0008893684719,111.8069989
2024-07-17 3:00:00,65643.42529,65736.4,-92.97470516,sell,0.000222342118,0,14.6159704,68.03904192,0.0006670263539,111.8869531
2024-07-17 4:00:00,65745.56176,65800,-54.43824143,sell,0.0001667565885,0,10.97258352,79.01162544,0.0005002697654,111.929376
2024-07-17 5:00:00,65799.2319,65701.5,97.73190279,buy,0.0004566105797,30,0,49.01162544,0.0009568803451,111.8800994
2024-07-17 6:00:00,65688.68691,65615.8,72.88690841,buy,0.0004572069532,30,0,19.01162544,0.001414087298,111.7980948
2024-07-17 7:00:00,65614.41394,65309.9,304.5139429,buy,0.0002910986763,19.01162544,0,0,0.001705185975,111.3655255
2024-07-17 9:00:00,65237.49482,65324.7,-87.20517686,sell,0.0004262964937,0,27.84769056,27.84769056,0.001278889481,111.3907622
2024-07-17 10:00:00,65322.80186,65117.1,205.7018598,buy,0.0004276555707,27.84769056,0,0,0.001706545052,111.1252648
2024-07-17 12:00:00,64722.07154,64740,-17.92846048,sell,0.0004266362629,0,27.62043166,27.62043166,0.001279908789,110.4817266
2024-07-17 13:00:00,64713.21044,65221.6,-508.3895593,sell,0.0003199771972,0,20.86942476,48.48985642,0.0009599315916,111.0981307
2024-07-17 14:00:00,65249.57005,65035.6,213.9700534,buy,0.0004612858188,30,0,18.48985642,0.00142121741,110.9195834
2024-07-17 15:00:00,65007.45574,64771.8,235.6557414,buy,0.0002854615191,18.48985642,0,0,0.00170667893,110.5446663
2024-07-17 17:00:00,64196.8754,64287.3,-90.42460419,sell,0.0004266697324,0,27.42944509,27.42944509,0.001280009197,109.7177803
2024-07-17 18:00:00,64239.9235,64507.6,-267.6764999,sell,0.0003200022993,0,20.64258032,48.07202541,0.0009600068979,109.9997664
2024-07-17 19:00:00,64482.05231,64580,-97.94768533,sell,0.0002400017245,0,15.49931137,63.57133677,0.0007200051734,110.0692709
2024-07-17 21:00:00,64524.45286,64278.8,245.6528608,buy,0.0004667168647,30,0,33.57133677,0.001186722038,109.8524053
2024-07-17 23:00:00,64273.06154,64120,153.061536,buy,0.0004678727386,30,0,3.571336774,0.001654594777,109.6639539
2024-07-18 0:00:00,64098.31253,64452.2,-353.8874677,sell,0.0004136486942,0,26.66056837,30.23190514,0.001240946083,110.2136102
2024-07-18 1:00:00,64456.40669,64650,-193.5933069,sell,0.0003102365206,0,20.05679106,50.2886962,0.0009307095619,110.4590694
2024-07-18 3:00:00,64681.56494,64831.5,-149.9350585,sell,0.0002326773905,0,15.08482424,65.37352044,0.0006980321714,110.6279932
2024-07-18 4:00:00,64769.59243,64565.6,203.9924342,buy,0.0004646437112,30,0,35.37352044,0.001162675883,110.4423864
2024-07-18 5:00:00,64522.04215,64755,-232.9578542,sell,0.0002906689707,0,18.82226919,54.19578963,0.000872006912,110.6625972
2024-07-18 6:00:00,64778.77523,64999.9,-221.1247708,sell,0.000218001728,0,14.17009052,68.36588015,0.000654005184,110.8761517
2024-07-18 7:00:00,64986.30768,64719.7,266.6076841,buy,0.0004635373773,30,0,38.36588015,0.001117542561,110.6928995
2024-07-18 8:00:00,64703.10668,64946.9,-243.7933181,sell,0.0002793856403,0,18.14523124,56.5111114,0.000838156921,110.9468051
2024-07-18 9:00:00,64953.19972,64869.5,83.69972037,buy,0.0004624669529,30,0,26.5111114,0.001300623874,110.8819318
2024-07-18 10:00:00,64858.08591,64609.5,248.5859062,buy,0.0004103283789,26.5111114,0,0,0.001710952253,110.5437696
2024-07-18 11:00:00,64627.74945,64733.9,-106.1505513,sell,0.0004277380632,0,27.68915301,27.68915301,0.00128321419,110.756612
2024-07-18 12:00:00,64709.33883,64865,-155.6611681,sell,0.0003208035474,0,20.8089221,48.49807511,0.0009624106422,110.9248414
2024-07-18 13:00:00,64814.05933,64585.8,228.2593289,buy,0.0004644983882,30,0,18.49807511,0.00142690903,110.6561364
2024-07-18 14:00:00,64630.16384,64000.1,630.0638359,buy,0.000289031972,18.49807511,0,0,0.001715941002,109.8203957
2024-07-18 16:00:00,63497.06708,63898.9,-401.8329241,sell,0.0004289852506,0,27.41168563,27.41168563,0.001286955752,109.6467425
2024-07-18 17:00:00,63857.03197,63546.5,310.5319671,buy,0.0004313642078,27.41168563,0,0,0.00171831996,109.1932193
2024-07-18 19:00:00,63368.83014,63525.1,-156.2698631,sell,0.0004295799899,0,27.28911182,27.28911182,0.00128873997,109.1564473
2024-07-18 20:00:00,63452.58935,63803.9,-351.3106503,sell,0.0003221849924,0,20.55665904,47.84577085,0.0009665549772,109.515748
2024-07-18 21:00:00,63787.20791,63820,-32.79209103,sell,0.0002416387443,0,15.42138466,63.26715551,0.0007249162329,109.5313095
2024-07-18 22:00:00,63784.08764,64020.1,-236.0123627,sell,0.0001812290582,0,11.60230243,74.86945795,0.0005436871747,109.6763652
2024-07-18 23:00:00,64051.19669,63960.7,90.49668519,buy,0.0004690380187,30,0,44.86945795,0.001012725193,109.6440702
2024-07-19 0:00:00,63965.45581,63588,377.4558086,buy,0.0004717871296,30,0,14.86945795,0.001484512323,109.2666275
2024-07-19 1:00:00,63550.471,63791,-240.529001,sell,0.0003711280807,0,23.6746314,38.54408934,0.001113384242,109.5679835
2024-07-19 2:00:00,63823.70112,63769.7,54.00112217,buy,0.0004704428592,30,0,8.544089344,0.001583827101,109.5442685
2024-07-19 3:00:00,63769.7713,64301,-531.2287005,sell,0.0003959567754,0,25.46041661,34.00450596,0.001187870326,110.3857558
2024-07-19 4:00:00,64308.60597,64201,107.6059682,buy,0.0004672824411,30,0,4.004505957,0.001655152767,110.2669688
2024-07-19 6:00:00,64113.9099,64200,-86.09009763,sell,0.0004137881918,0,26.56520191,30.56970787,0.001241364575,110.2653136
2024-07-19 7:00:00,64219.93842,63701.3,518.6384168,buy,0.0004709480026,30,0,0.5697078706,0.001712312578,109.6462451
2024-07-19 8:00:00,63713.40221,63775,-61.5977939,sell,0.0004280781445,0,27.30068367,27.87039154,0.001284234434,109.7724425
2024-07-19 9:00:00,63775.33035,63677.5,97.83034955,buy,0.0004376803665,27.87039154,0,0,0.0017219148,109.6472297
2024-07-19 10:00:00,63714.69849,63994.6,-279.9015146,sell,0.0004304787,0,27.54831221,27.54831221,0.0012914361,110.1932489
2024-07-19 11:00:00,63944.03074,64079.9,-135.8692642,sell,0.000322859025,0,20.68877404,48.23708625,0.000968577075,110.3034084
2024-07-19 12:00:00,64072.20701,64375,-302.7929942,sell,0.0002421442687,0,15.5880373,63.82512355,0.0007264328062,110.5892355
2024-07-19 13:00:00,64360.74973,65200,-839.2502663,sell,0.0001816082016,0,11.84085474,75.66597829,0.0005448246047,111.1885425
2024-07-19 14:00:00,65224.73539,65750.4,-525.6646102,sell,0.0001362061512,0,8.955608922,84.62158722,0.0004086184535,111.488414
2024-07-19 15:00:00,65700.76772,65800,-99.23227584,sell,0.0001021546134,0,6.72177356,91.34336078,0.0003064638401,111.5086815
2024-07-19 18:00:00,66825.1843,66807.2,17.98430279,buy,0.0004490533954,30,0,61.34336078,0.0007555172356,111.8173518
2024-07-19 19:00:00,66833.99624,67216.7,-382.7037597,sell,0.0001888793089,0,12.69584384,74.03920462,0.0005666379267,112.1267361
2024-07-19 20:00:00,67235.69868,67001.9,233.7986789,buy,0.0004477484967,30,0,44.03920462,0.001014386423,112.0050223
2024-07-19 21:00:00,67031.37298,66940,91.37298191,buy,0.0004481625336,30,0,14.03920462,0.001462548957,111.9422318
2024-07-19 22:00:00,66957.54663,66744.3,213.2466253,buy,0.0002103431247,14.03920462,0,0,0.001672892082,111.656011
2024-07-20 2:00:00,66408.64857,66631.8,-223.1514314,sell,0.0004182230204,0,27.86695265,27.86695265,0.001254669061,111.4678106
2024-07-20 3:00:00,66629.25004,66660,-30.74996237,sell,0.0003136672653,0,20.90905991,48.77601256,0.0009410017959,111.5031923
2024-07-20 4:00:00,66644.01191,66668.4,-24.38808754,sell,0.000235250449,0,15.68377103,64.45978359,0.000705751347,111.5110967
2024-07-20 5:00:00,66681.61844,66571.8,109.8184444,buy,0.0004506412625,30,0,34.45978359,0.001156392609,111.4429211
2024-07-20 6:00:00,66577.18817,66663.8,-86.6118278,sell,0.0002890981524,0,19.27238141,53.732165,0.0008672944571,111.5493092
2024-07-20 7:00:00,66665.47322,66601.3,64.17322009,buy,0.000450441658,30,0,23.732165,0.001317736115,111.4951033
2024-07-20 8:00:00,66608.43686,66551.7,56.7368641,buy,0.0003565974273,23.732165,0,0,0.001674333542,111.4297436
2024-07-20 9:00:00,66541.49407,66631.9,-90.40593225,sell,0.0004185833856,0,27.89100629,27.89100629,0.001255750157,111.5640252
2024-07-20 10:00:00,66638.4858,66552.1,86.38579819,buy,0.0004190852924,27.89100629,0,0,0.001674835449,111.4638163
2024-07-20 13:00:00,66545.96449,66569,-23.0355107,sell,0.0004187088623,0,27.87303026,27.87303026,0.001256126587,111.492121
2024-07-20 14:00:00,66557.69876,66649.9,-92.20124418,sell,0.0003140316467,0,20.93017785,48.80320811,0.0009420949402,111.5937417
2024-07-20 15:00:00,66645.98131,66821.6,-175.6186903,sell,0.0002355237351,0,15.73807281,64.54128092,0.0007065712052,111.7554994
2024-07-20 16:00:00,66823.78019,66858,-34.2198123,sell,0.0001766428013,0,11.80998441,76.35126533,0.0005299284039,111.7812186
2024-07-20 17:00:00,66858.35381,67425.7,-567.3461862,sell,0.000132482101,0,8.932698395,85.28396373,0.0003974463029,112.0820589
2024-07-20 19:00:00,67560.05352,67245.9,314.1535183,buy,0.0004461238529,30,0,55.28396373,0.0008435701558,112.0105981
2024-07-20 20:00:00,67272.92915,67375.1,-102.1708497,sell,0.000210892539,0,14.2089059,69.49286963,0.0006326776169,112.1195873
2024-07-20 21:00:00,67362.27501,67125.5,236.7750137,buy,0.0004469240453,30,0,39.49286963,0.001079601662,111.961671
2024-07-20 23:00:00,67106.24317,67166.1,-59.85683308,sell,0.0002699004155,0,18.1281583,57.62102793,0.0008097012466,112.0055028
2024-07-21 1:00:00,67074.61846,67310,-235.3815352,sell,0.0002024253116,0,13.62524773,71.24627565,0.0006072759349,112.1220188
2024-07-21 3:00:00,67373.19697,67178.8,194.3969735,buy,0.0004465694535,30,0,41.24627565,0.001053845388,112.0423442
2024-07-21 4:00:00,67163.98418,67070.2,93.78418408,buy,0.0004472925383,30,0,11.24627565,0.001501137927,111.9278966
2024-07-21 5:00:00,67026.108,67087,-60.89199869,sell,0.0003752844817,0,25.17671002,36.42298567,0.001125853445,111.9531157
2024-07-21 6:00:00,67084.63268,66740.3,344.3326795,buy,0.0004495035234,30,0,6.422985675,0.001575356968,111.5627824
2024-07-21 7:00:00,66695.55114,66713.5,-17.94886415,sell,0.0003938392421,0,26.27439428,32.69737995,0.001181517726,111.5205628
2024-07-21 8:00:00,66681.88399,66824.5,-142.6160111,sell,0.0002953794316,0,19.73858282,52.43596278,0.0008861382947,111.6517113
2024-07-21 9:00:00,66754.33128,67000,-245.6687246,sell,0.0002215345737,0,14.84281644,67.27877921,0.000664603721,111.8072285
2024-07-21 10:00:00,66993.69103,66837.3,156.3910297,buy,0.0004488511654,30,0,37.27877921,0.001113454886,111.6990975
2024-07-21 11:00:00,66803.30017,66895,-91.69982505,sell,0.0002783637216,0,18.62114116,55.89992037,0.0008350911649,111.7633438
2024-07-21 12:00:00,66947.10214,66911.5,35.6021448,buy,0.0004483534221,30,0,25.89992037,0.001283444587,111.7771228
2024-07-21 13:00:00,66877.91988,66783,94.91987707,buy,0.0003878220561,25.89992037,0,0,0.001671266643,111.6122002
2024-07-21 14:00:00,66744.16549,67347.3,-603.1345067,sell,0.0004178166607,0,28.138824,28.138824,0.001253449982,112.555296
2024-07-21 15:00:00,67440.67586,67206.1,234.5758621,buy,0.0004186944934,28.138824,0,0,0.001672144476,112.3783088
2024-07-21 16:00:00,67343.54702,67557,-213.4529761,sell,0.0004180361189,0,28.24126609,28.24126609,0.001254108357,112.9650643
2024-07-21 17:00:00,67583.65876,66636.8,946.8587599,buy,0.0004238088577,28.24126609,0,0,0.001677917214,111.8110338
2024-07-21 18:00:00,66562.68196,66894,-331.3180417,sell,0.0004194793036,0,28.06064854,28.06064854,0.001258437911,112.2425941
2024-07-21 19:00:00,66686.89132,67450,-763.1086797,sell,0.0003146094777,0,21.22040927,49.28105781,0.0009438284331,112.9422856
2024-07-21 20:00:00,67468.0685,67761,-292.9315013,sell,0.0002359571083,0,15.98868961,65.26974742,0.0007078713248,113.2358163
2024-07-21 21:00:00,67687.2475,68197.3,-510.0524991,sell,0.0001769678312,0,12.06872828,77.3384757,0.0005309034936,113.5446605
2024-07-21 22:00:00,68109.20707,68023.2,86.00706732,buy,0.0004410260029,30,0,47.3384757,0.0009719294965,113.4522302
2024-07-21 23:00:00,67994.39721,68137.1,-142.7027898,sell,0.0002429823741,0,16.55611432,63.89459002,0.0007289471224,113.562933
2024-07-22 0:00:00,68151.9455,68204.7,-52.75449799,sell,0.0001822367806,0,12.42940495,76.32399497,0.0005467103418,113.6122098
2024-07-22 1:00:00,68202.35497,67884,318.3549678,buy,0.0004419303518,30,0,46.32399497,0.0009886406936,113.4368798
2024-07-22 2:00:00,67906.72914,68091.5,-184.7708615,sell,0.0002471601734,0,16.82950695,63.15350192,0.0007414805202,113.6420228
2024-07-22 3:00:00,68071.05132,67889.6,181.4513196,buy,0.0004418938983,30,0,33.15350192,0.001183374419,113.4923178
2024-07-22 4:00:00,67912.72958,67933.8,-21.07042243,sell,0.0002958436046,0,20.09778027,53.25128218,0.0008875308139,113.544623
2024-07-22 5:00:00,67949.45256,67623.6,325.852561,buy,0.0004436321048,30,0,23.25128218,0.001331162919,113.2693109
2024-07-22 6:00:00,67623.07801,67420.8,202.2780136,buy,0.000344868085,23.25128218,0,0,0.001676031004,112.9993511
2024-07-22 9:00:00,67103.84117,67399.9,-296.0588273,sell,0.0004190077509,0,28.24108051,28.24108051,0.001257023253,112.964322
2024-07-22 10:00:00,67393.94302,67432.5,-38.55698265,sell,0.0003142558132,0,21.19105512,49.43213563,0.0009427674395,113.005301
2024-07-22 11:00:00,67433.16802,67560,-126.8319751,sell,0.0002356918599,0,15.92334205,65.35547769,0.0007070755797,113.1255038
2024-07-22 12:00:00,67543.19368,67692.1,-148.9063187,sell,0.0001767688949,0,11.96585771,77.3213354,0.0005303066847,113.2189085
2024-07-22 13:00:00,67686.07721,67145.3,540.7772148,buy,0.000446792255,30,0,47.3213354,0.0009770989397,112.9289368
2024-07-22 14:00:00,67203.7897,66680,523.7896984,buy,0.000449910018,30,0,17.3213354,0.001427008958,112.4742927
2024-07-22 15:00:00,66666.64504,67073.1,-406.4549553,sell,0.0003567522394,0,23.92847863,41.24981403,0.001070256718,113.0352499
2024-07-22 16:00:00,67021.26391,67064.8,-43.53608581,sell,0.0002675641796,0,17.94413819,59.19395222,0.0008026925387,113.0263668
2024-07-22 17:00:00,67179.16792,67481.3,-302.1320806,sell,0.0002006731347,0,13.541684,72.73563622,0.000602019404,113.3606882
2024-07-22 18:00:00,67492.27814,67467.8,24.47814411,buy,0.0004446565621,30,0,42.73563622,0.001046675966,113.352561
2024-07-22 19:00:00,67403.36081,68216.9,-813.5391905,sell,0.0002616689915,0,17.85024743,60.58588365,0.0007850069746,114.1366259
2024-07-22 20:00:00,68155.67827,68122.3,33.37826731,buy,0.0004403844262,30,0,30.58588365,0.001225391401,114.0623643
2024-07-22 21:00:00,68097.86304,67875.1,222.7630436,buy,0.0004419882991,30,0,0.5858836515,0.0016673797,113.7594475
2024-07-23 2:00:00,67428.27317,67635.6,-207.3268268,sell,0.000416844925,0,28.19355661,28.77944026,0.001250534775,113.3601101
2024-07-23 3:00:00,67649.09884,67500,149.0988362,buy,0.0004263620779,28.77944026,0,0,0.001676896853,113.1905376
2024-07-23 6:00:00,66468.62477,66574.8,-106.175227,sell,0.0004192242132,0,27.90976815,27.90976815,0.00125767264,111.6390726
2024-07-23 8:00:00,66588.82685,66885.7,-296.8731529,sell,0.0003144181599,0,21.03007872,48.93984687,0.0009432544797,112.030083
2024-07-23 9:00:00,66879.39503,66991.1,-111.7049689,sell,0.0002358136199,0,15.79741379,64.73726066,0.0007074408598,112.129502
2024-07-23 10:00:00,66992.30072,66890.8,101.5007187,buy,0.0004484921693,30,0,34.73726066,0.001155933029,112.0585457
2024-07-23 11:00:00,66897.73413,66705,192.7341328,buy,0.0004497413987,30,0,4.737260664,0.001605674428,111.8437734
2024-07-23 14:00:00,66076.50087,67232.2,-1155.699132,sell,0.000401418607,0,26.98825607,31.72551673,0.001204255821,112.6902849
2024-07-23 15:00:00,67371.29069,66611.3,759.9906919,buy,0.0004503740356,30,0,1.72551673,0.001654629857,111.9425625
2024-07-23 20:00:00,65528.80141,65880.1,-351.2985887,sell,0.0004136574641,0,27.2517951,28.97731183,0.001240972392,110.7326971
2024-07-23 22:00:00,65863.0283,65904.4,-41.37170082,sell,0.0003102430981,0,20.44638523,49.42369707,0.0009307292943,110.7628528
2024-07-23 23:00:00,65923.20456,65900.8,22.40456104,buy,0.0004552296785,30,0,19.42369707,0.001385958973,110.7595021
2024-07-24 0:00:00,65921.79012,65823.3,98.49011766,buy,0.0002950884727,19.42369707,0,0,0.001681047446,110.6520903
2024-07-24 2:00:00,65670.73479,65865.3,-194.5652086,sell,0.0004202618614,0,27.68067358,27.68067358,0.001260785584,110.7226943
2024-07-24 3:00:00,65875.05149,66042.9,-167.8485082,sell,0.000315196396,0,20.81648406,48.49715764,0.0009455891881,110.9466098
2024-07-24 4:00:00,66042.12293,65853.3,188.8229266,buy,0.0004555580358,30,0,18.49715764,0.001401147224,110.7673261
2024-07-24 5:00:00,65846.60653,65811.5,35.10652936,buy,0.0002810626964,18.49715764,0,0,0.00168220992,110.7087582
2024-07-24 6:00:00,65808.61046,65899.3,-90.6895438,sell,0.0004205524801,0,27.71411405,27.71411405,0.00126165744,110.8564562
2024-07-24 7:00:00,65904.27829,66019.9,-115.6217074,sell,0.0003154143601,0,20.82362451,48.53773856,0.0009462430802,111.0086121
2024-07-24 8:00:00,66012.01613,66436.3,-424.2838746,sell,0.00023656077,0,15.71622229,64.25396085,0.0007096823101,111.4026277
2024-07-24 9:00:00,66425.59482,66407.6,17.99482242,buy,0.000451755522,30,0,34.25396085,0.001161437832,111.3822598
2024-07-24 10:00:00,66407.44825,66490,-82.55174682,sell,0.000290359458,0,19.30600036,53.55996121,0.0008710783741,111.4779623
2024-07-24 11:00:00,66476.40984,66384.9,91.50984182,buy,0.0004519099976,30,0,23.55996121,0.001322988372,111.386412
2024-07-24 12:00:00,66360.5046,66243.2,117.3045964,buy,0.0003556585614,23.55996121,0,0,0.001678646933,111.1989445
2024-07-24 13:00:00,66231.95371,66375.8,-143.8462936,sell,0.0004196617333,0,27.85538327,27.85538327,0.0012589852,111.4215331
2024-07-24 14:00:00,66370.08716,66828.6,-458.5128416,sell,0.0003147462999,0,21.03405458,48.88943785,0.0009442388998,111.9916016
2024-07-24 15:00:00,66791.36646,66231.5,559.8664594,buy,0.0004529566747,30,0,18.88943785,0.001397195575,111.4277965
2024-07-24 16:00:00,66185.16359,66397.5,-212.3364118,sell,0.0003492988936,0,23.19257329,42.08201114,0.001047896681,111.659731
2024-07-24 17:00:00,66394.14419,66597.1,-202.9558149,sell,0.0002619741702,0,17.44672001,59.52873116,0.0007859225107,111.8688912
2024-07-24 18:00:00,66507.67079,65720.1,787.5707901,buy,0.0004564813505,30,0,29.52873116,0.001242403861,111.1796372
2024-07-24 19:00:00,65764.93191,65686,78.93191243,buy,0.000449543756,29.52873116,0,0,0.001691947617,111.1372712
2024-07-24 20:00:00,65736.67468,66058.5,-321.8253211,sell,0.0004229869043,0,27.94188042,27.94188042,0.001268960713,111.7675217
2024-07-24 21:00:00,66047.61644,65667.6,380.0164423,buy,0.0004255048215,27.94188042,0,0,0.001694465534,111.2714849
2024-07-24 23:00:00,65288.21186,65367,-78.78813873,sell,0.0004236163836,0,27.69053215,27.69053215,0.001270849151,110.7621286
2024-07-25 0:00:00,65386.07072,65481.7,-95.62927909,sell,0.0003177122877,0,20.80434071,48.49487285,0.0009531368631,110.907895
2024-07-25 1:00:00,65431.00702,64430.3,1000.707015,buy,0.0004656194368,30,0,18.49487285,0.0014187563,109.9057669
2024-07-25 2:00:00,64548.01218,64208.6,339.4121769,buy,0.0002880435464,18.49487285,0,0,0.001706799846,109.5912286
2024-07-25 4:00:00,64158.94929,64223.5,-64.55071379,sell,0.0004266999616,0,27.40416498,27.40416498,0.001280099885,109.6166599
2024-07-25 5:00:00,64213.01303,64255.6,-42.58696605,sell,0.0003200249712,0,20.56339654,47.96756152,0.0009600749136,109.6577511
2024-07-25 6:00:00,64231.81186,64319,-87.1881357,sell,0.0002400187284,0,15.43776459,63.40532611,0.0007200561852,109.7186199
2024-07-25 7:00:00,64332.57252,64131.7,200.8725206,buy,0.0004677873813,30,0,33.40532611,0.001187843566,109.5837534
2024-07-25 8:00:00,64142.51842,64349.7,-207.1815831,sell,0.0002969608916,0,19.10934429,52.5146704,0.0008908826748,109.8427033
2024-07-25 9:00:00,64352.14124,64273.9,78.24124407,buy,0.0004667524454,30,0,22.5146704,0.00135763512,109.7751744
2024-07-25 10:00:00,64260.27125,64158.6,101.6712509,buy,0.0003509220962,22.5146704,0,0,0.001708557216,109.618639
2024-07-25 14:00:00,64038.43817,64754.8,-716.3618268,sell,0.0004271393041,0,27.65932021,27.65932021,0.001281417912,110.6372808
2024-07-25 15:00:00,64893.75551,64734.9,158.8555123,buy,0.00042727061,27.65932021,0,0,0.001708688522,110.6117806
2024-07-25 16:00:00,64623.31646,64853,-229.683536,sell,0.0004271721306,0,27.70339418,27.70339418,0.001281516392,110.8135767
2024-07-25 17:00:00,64851.83126,65032.8,-180.9687394,sell,0.0003203790979,0,20.8351498,48.53854398,0.0009611372938,111.0439934
2024-07-25 18:00:00,65083.75311,64539.2,544.5531084,buy,0.0004648337754,30,0,18.53854398,0.001425971069,110.569576
2024-07-25 19:00:00,64538.43025,64674.1,-135.6697523,sell,0.0003564927673,0,23.05584888,41.59439286,0.001069478302,110.7619395
2024-07-25 20:00:00,64659.02717,65251.6,-592.572829,sell,0.0002673695755,0,17.44629259,59.04068546,0.0008021087264,111.3795632
2024-07-25 21:00:00,65246.85849,65818.2,-571.341515,sell,0.0002005271816,0,13.19833814,72.2390236,0.0006015815448,111.834038
2024-07-25 22:00:00,65804.30287,65675.6,128.7028663,buy,0.0004567906498,30,0,42.2390236,0.001058372195,111.7482525
2024-07-25 23:00:00,65658.92805,65795.4,-136.4719463,sell,0.0002645930487,0,17.40900547,59.64802907,0.000793779146,111.8750455
2024-07-26 0:00:00,65826.19116,66384,-557.8088353,sell,0.0001984447865,0,13.17355871,72.82158778,0.0005953343595,112.3422639
2024-07-26 1:00:00,66364.15255,66437.1,-72.94744605,sell,0.0001488335899,0,9.888072093,82.70965987,0.0004465007696,112.3738762
2024-07-26 2:00:00,66434.58409,66973.6,-539.0159052,sell,0.0001116251924,0,7.475940986,90.18560086,0.0003348755772,112.6134238
2024-07-26 5:00:00,67113.2197,66927.8,185.4196984,buy,0.0004482442274,30,0,60.18560086,0.0007831198046,112.5980865
2024-07-26 6:00:00,66971.13241,67083,-111.867591,sell,0.0001957799511,0,13.13350646,73.31910732,0.0005873398534,112.7196267
2024-07-26 7:00:00,67085.5044,66910.1,175.4044003,buy,0.0004483628032,30,0,43.31910732,0.001035702657,112.6180756
2024-07-26 8:00:00,66907.37042,67085.2,-177.8295831,sell,0.0002589256642,0,17.37007997,60.68918729,0.0007767769925,112.7994272
2024-07-26 9:00:00,67107.61841,67325.8,-218.1815903,sell,0.0001941942481,0,13.07428311,73.7634704,0.0005825827444,112.9863197
2024-07-26 10:00:00,67318.30848,67286.4,31.90848003,buy,0.0004458553289,30,0,43.7634704,0.001028438073,112.963366
2024-07-26 11:00:00,67283.65783,67298.9,-15.24217434,sell,0.0002571095183,0,17.30318776,61.06665816,0.0007713285549,112.9762214
2024-07-26 12:00:00,67342.90487,67266.5,76.40486924,buy,0.0004459872299,30,0,31.06665816,0.001217315785,112.9512304
2024-07-26 13:00:00,67247.88154,67939.5,-691.6184586,sell,0.0003043289462,0,20.67595644,51.7426146,0.0009129868386,113.7704839
2024-07-26 14:00:00,67951.42873,67354.3,597.1287341,buy,0.0004454058612,30,0,21.7426146,0.0013583927,113.236204
2024-07-26 15:00:00,67255.77992,67584.5,-328.720082,sell,0.000339598175,0,22.95157286,44.69418746,0.001018794525,113.548906
2024-07-26 16:00:00,67590.42963,67417.8,172.6296314,buy,0.0004449863389,30,0,14.69418746,0.001463780864,113.379073
2024-07-26 17:00:00,67492.46359,67376,116.4635863,buy,0.0002180923097,14.69418746,0,0,0.001681873173,113.3178869
2024-07-26 18:00:00,67313.45651,67545,-231.5434917,sell,0.0004204682934,0,28.40053088,28.40053088,0.00126140488,113.6021235
2024-07-26 19:00:00,67542.44513,68031.8,-489.35487,sell,0.00031535122,0,21.45391113,49.85444201,0.0009460536601,114.2161754
2024-07-26 20:00:00,68050.72952,67443.9,606.8295215,buy,0.0004448141344,30,0,19.85444201,0.001390867794,113.6599905
2024-07-26 21:00:00,67384.98376,67947.5,-562.5162407,sell,0.0003477169486,0,23.62649737,43.48093937,0.001043150846,114.3604315
2024-07-26 22:00:00,67957.62574,67940,17.62573977,buy,0.0004415660877,30,0,13.48093937,0.001484716934,114.3526078
2024-07-26 23:00:00,67860.62235,67914.7,-54.07765454,sell,0.0003711792334,0,25.20852628,38.68946566,0.0011135377,114.3150445
2024-07-27 0:00:00,67845.96806,67861.9,-15.93194027,sell,0.000278384425,0,18.89169601,57.58116167,0.0008351532751,114.2562497
2024-07-27 1:00:00,67849.66114,67697.2,152.4611389,buy,0.0004431497905,30,0,27.58116167,0.001278303066,114.1187
2024-07-27 2:00:00,67740.79541,68005.3,-264.5045936,sell,0.0003195757664,0,21.73284587,49.31400754,0.0009587272993,114.5125451
2024-07-27 3:00:00,67983.84335,67825,158.8433545,buy,0.0004423147807,30,0,19.31400754,0.00140104208,114.3396866
2024-07-27 4:00:00,67841.09398,67879.1,-38.0060231,sell,0.00035026052,0,23.77536886,43.0893764,0.00105078156,114.415483
2024-07-27 5:00:00,67881.87512,67910.6,-28.72487945,sell,0.00026269539,0,17.83980155,60.92917795,0.00078808617,114.4485826
2024-07-27 6:00:00,67927.82352,68039.8,-111.9764798,sell,0.0001970215425,0,13.40530635,74.3344843,0.0005910646275,114.5504033
2024-07-27 7:00:00,68034.14297,68080.3,-46.157033,sell,0.0001477661569,0,10.05996429,84.39444859,0.0004432984706,114.5743415
2024-07-27 8:00:00,68085.232,67994.4,90.83199959,buy,0.0004412128058,30,0,54.39444859,0.0008845112764,114.5362621
2024-07-27 9:00:00,67992.58976,68250.1,-257.5102442,sell,0.0002211278191,0,15.09199577,69.48644435,0.0006633834573,114.7624317
2024-07-27 10:00:00,68240.84766,68160.2,80.64765815,buy,0.0004401395536,30,0,39.48644435,0.001103523011,114.7027935
2024-07-27 11:00:00,68183.40975,68229.5,-46.09024912,sell,0.0002758807527,0,18.82320582,58.30965017,0.0008276422581,114.7792676
2024-07-27 12:00:00,68218.1264,68425,-206.8736047,sell,0.0002069105645,0,14.15785538,72.46750555,0.0006207316936,114.9410717
2024-07-27 13:00:00,68407.78469,69249.2,-841.4153128,sell,0.0001551829234,0,10.7462933,83.21379885,0.0004655487702,115.4526787
2024-07-27 14:00:00,69255.75747,68988.9,266.8574731,buy,0.0004348525632,30,0,53.21379885,0.0009004013334,115.3314964
2024-07-27 15:00:00,68984.72562,68865.8,118.9256197,buy,0.0004356298772,30,0,23.21379885,0.001336031211,115.220657
2024-07-27 16:00:00,68880.44077,68727.2,153.2407693,buy,0.0003377672719,23.21379885,0,0,0.001673798483,115.0354831
2024-07-27 21:00:00,67704.63099,68842.6,-1137.969012,sell,0.0004184496206,0,28.80715985,28.80715985,0.001255348862,115.2286394
2024-07-27 22:00:00,68892.77767,68634.6,258.1776717,buy,0.0004197177496,28.80715985,0,0,0.001675066611,114.9675269
2024-07-28 0:00:00,67889.6292,67923.6,-33.97079837,sell,0.0004187666529,0,28.44413862,28.44413862,0.001256299959,113.7765545
2024-07-28 1:00:00,67931.31101,68115.8,-184.4889934,sell,0.0003140749897,0,21.39346918,49.8376078,0.000942224969,114.0180153
2024-07-28 2:00:00,68056.79316,68154.9,-98.10683759,sell,0.0002355562422,0,16.05431213,65.89191994,0.0007066687267,114.0548563
2024-07-28 3:00:00,68157.64919,67945,212.6491897,buy,0.0004415335933,30,0,35.89191994,0.00114820232,113.9065266
2024-07-28 4:00:00,67972.61369,67351.7,620.9136934,buy,0.0004454230554,30,0,5.891919938,0.001593625375,113.2252981
2024-07-28 5:00:00,67385.48631,67429.2,-43.71368959,sell,0.0003984063439,0,26.86422104,32.75614098,0.001195219032,113.3488041
2024-07-28 6:00:00,67439.88381,67500,-60.11619486,sell,0.0002988047579,0,20.16932116,52.92546214,0.0008964142737,113.4334256
2024-07-28 7:00:00,67464.91247,67500,-35.08752891,sell,0.0002241035684,0,15.12699087,68.05245301,0.0006723107053,113.4334256
2024-07-28 8:00:00,67489.8682,67331.4,158.4681963,buy,0.0004455573477,30,0,38.05245301,0.001117868053,113.320074
2024-07-28 9:00:00,67334.0509,67470,-135.949102,sell,0.0002794670132,0,18.85563938,56.90809239,0.0008384010397,113.4750105
2024-07-28 10:00:00,67481.99978,67588.7,-106.7002243,sell,0.0002096002599,0,14.16660909,71.07470148,0.0006288007798,113.5745287
2024-07-28 11:00:00,67575.0265,67862.6,-287.5735021,sell,0.0001572001949,0,10.66801395,81.74271543,0.0004716005848,113.7467573
2024-07-28 12:00:00,67877.99631,67995.4,-117.4036919,sell,0.0001179001462,0,8.016667602,89.75938303,0.0003537004386,113.8093858
2024-07-28 14:00:00,67997.03854,67742.1,254.9385402,buy,0.0004428560673,30,0,59.75938303,0.000796556506,113.7197935
2024-07-28 15:00:00,67778.48573,67659,119.4857341,buy,0.0004433999911,30,0,29.75938303,0.001239956497,113.6535997
2024-07-28 16:00:00,67705.22624,67674.9,30.32624109,buy,0.0004397403325,29.75938303,0,0,0.00167969683,113.673315
2024-07-28 17:00:00,67659.39171,67976,-316.608286,sell,0.0004199242074,0,28.54476792,28.54476792,0.001259772622,114.1790717
2024-07-28 18:00:00,67984.09125,68221.2,-237.1087518,sell,0.0003149431556,0,21.4858,50.03056793,0.0009448294667,114.4879679
2024-07-28 19:00:00,68224.57835,68149.9,74.67834732,buy,0.0004402060751,30,0,20.03056793,0.001385035542,114.4206016
2024-07-28 20:00:00,68135.90097,67998.3,137.6009666,buy,0.0002945745398,20.03056793,0,0,0.001679610082,114.2106302
2024-07-28 23:00:00,68001.80195,68250,-248.1980514,sell,0.0004199025204,0,28.65834702,28.65834702,0.001259707561,114.6333881
2024-07-29 0:00:00,68237.70299,68711.6,-473.8970133,sell,0.0003149268903,0,21.63913052,50.29747753,0.0009447806709,115.2148691
2024-07-29 1:00:00,68680.70696,68590.9,89.80696357,buy,0.0004373758035,30,0,20.29747753,0.001382156474,115.1008341
2024-07-29 2:00:00,68589.67007,69530.1,-940.4299282,sell,0.0003455391186,0,24.02536947,44.322847,0.001036617356,116.3989554
2024-07-29 3:00:00,69583.64598,69348.4,235.2459781,buy,0.0004325983008,30,0,14.322847,0.001469215657,116.210602
2024-07-29 5:00:00,69371.72708,69691.3,-319.5729224,sell,0.0003673039141,0,25.59788727,39.92073427,0.001101911742,116.7143961
2024-07-29 6:00:00,69675.7286,69602,73.72859562,buy,0.0004310220971,30,0,9.920734273,0.001532933839,116.6159954
2024-07-29 7:00:00,69589.14225,69519.5,69.64225221,buy,0.0001427043387,9.920734273,0,0,0.001675638178,116.4895283
2024-07-29 9:00:00,69475.35119,69513.9,-38.54881464,sell,0.0004189095445,0,29.12003619,29.12003619,0.001256728634,116.4801448
2024-07-29 10:00:00,69560.53418,69621.9,-61.36582328,sell,0.0003141821584,0,21.87395881,50.993995,0.0009425464752,116.6158714
2024-07-29 12:00:00,69607.5156,69799.1,-191.5843954,sell,0.0002356366188,0,16.44722392,67.44121892,0.0007069098564,116.7828907
2024-07-29 13:00:00,69797.13909,69237.8,559.339094,buy,0.0004332893304,30,0,37.44121892,0.001140199187,116.3861022
2024-07-29 14:00:00,69149.9424,68211.7,938.2423954,buy,0.0004398072471,30,0,7.441218921,0.001580006434,115.2161438
2024-07-29 15:00:00,68271.247,68100.1,171.1470007,buy,0.0001092688399,7.441218921,0,-8.88E-16,0.001689275274,1.15E+02
2024-07-29 17:00:00,66965.16894,67026.1,-60.93106334,sell,0.0004223188185,0,28.30638336,28.30638336,0.001266956455,113.2255334
2024-07-29 18:00:00,66998.46509,67399.2,-400.7349109,sell,0.0003167391138,0,21.34796288,49.65434624,0.0009502173415,113.6982349
2024-07-29 19:00:00,67471.69774,67292.5,179.197744,buy,0.0004458149125,30,0,19.65434624,0.001396032254,113.5968467
2024-07-29 20:00:00,67336.51903,67380.9,-44.38097489,sell,0.0003490080635,0,23.51647743,43.17082367,0.001047024191,113.7202559
2024-07-29 21:00:00,67343.76612,67496.8,-153.0338849,sell,0.0002617560476,0,17.6676956,60.83851926,0.0007852681429,113.841606
2024-07-29 22:00:00,67521.76109,67225.6,296.1610888,buy,0.0004462585682,30,0,30.83851926,0.001231526711,113.6286413
2024-07-29 23:00:00,67227.13646,66755.3,471.8364578,buy,0.0004494025194,30,0,0.8385192608,0.00168092923,113.0494543
2024-07-30 2:00:00,66202.20817,66396.1,-193.8918257,sell,0.0004202323076,0,27.90178632,28.74030558,0.001260696923,112.4456645
2024-07-30 3:00:00,66418.37035,66612.9,-194.5296544,sell,0.0003151742307,0,20.99466951,49.73497509,0.0009455226921,112.7189836
2024-07-30 4:00:00,66593.43084,66764.5,-171.0691602,sell,0.000236380673,0,15.78183744,65.51681254,0.0007091420191,112.8623249
2024-07-30 5:00:00,66787.30155,66497.1,290.2015532,buy,0.0004511474937,30,0,35.51681254,0.001160289513,112.6727003
2024-07-30 6:00:00,66478.05104,66745.5,-267.4489604,sell,0.0002900723782,0,19.36102592,54.87783845,0.0008702171345,112.9609162
2024-07-30 7:00:00,66743.81698,66920,-176.1830226,sell,0.0002175542836,0,14.55873266,69.43657111,0.0006526628509,113.1127691
2024-07-30 8:00:00,66915.54051,66729.7,185.8405103,buy,0.0004495749269,30,0,39.43657111,0.001102237778,112.9885674
2024-07-30 9:00:00,66746.653,66591.8,154.8530049,buy,0.0004505059181,30,0,9.436571115,0.001552743696,112.8365688
2024-07-30 10:00:00,66590.04439,66570.4,19.64438625,buy,0.0001417532584,9.436571115,0,0,0.001694496954,112.8033401
2024-07-30 11:00:00,66536.45647,66607.3,-70.84352513,sell,0.0004236242386,0,28.21646675,28.21646675,0.001270872716,112.865867
2024-07-30 13:00:00,66630.85398,66337,293.8539849,buy,0.0004253503587,28.21646675,0,-3.55E-15,0.001696223075,1.13E+02
2024-07-30 15:00:00,65772.21525,66194.6,-422.3847503,sell,0.0004240557686,0,28.07020198,28.07020198,0.001272167306,112.2808079
2024-07-30 17:00:00,66177.35753,65851.9,325.457534,buy,0.0004262625981,28.07020198,0,0,0.001698429904,111.8448362
2024-07-30 19:00:00,65817.58212,65897.1,-79.51788274,sell,0.000424607476,0,27.98040131,27.98040131,0.001273822428,111.9216052
2024-07-30 20:00:00,65902.14036,66167.8,-265.6596428,sell,0.000318455607,0,21.07150691,49.05190822,0.000955366821,112.266429
2024-07-30 21:00:00,66158.66721,66290.1,-131.4327935,sell,0.0002388417052,0,15.83284052,64.88474874,0.0007165251157,112.3832703
2024-07-30 22:00:00,66302.7187,66213.3,89.41869983,buy,0.0004530811786,30,0,34.88474874,0.001169606294,112.3282412
2024-07-30 23:00:00,66229.82404,66175.1,54.72404486,buy,0.0004533427226,30,0,4.884748744,0.001622949017,112.2835622
2024-07-31 0:00:00,66193.484,66346.5,-153.0160032,sell,0.0004057372542,0,26.91924674,31.80399548,0.001217211763,112.5617357
2024-07-31 1:00:00,66347.82907,66277.6,70.22907153,buy,0.0004526416165,30,0,1.80399548,0.001669853379,112.4778698
2024-07-31 5:00:00,65777.12785,66137.3,-360.172149,sell,0.0004174633448,0,27.60989847,29.41389395,0.001252390034,112.2435894
2024-07-31 6:00:00,66168.03241,66450.2,-282.167587,sell,0.0003130975086,0,20.80539206,50.21928602,0.0009392925258,112.6354622
2024-07-31 7:00:00,66446.67633,66220.5,226.1763312,buy,0.0004530319161,30,0,20.21928602,0.001392324442,112.4197067
2024-07-31 8:00:00,66226.39927,66320.5,-94.10072773,sell,0.0003480811105,0,23.08491329,43.3041993,0.001044243331,112.5589392
2024-07-31 9:00:00,66315.18242,66249.5,65.68241964,buy,0.0004528336063,30,0,13.3041993,0.001497076938,112.4847979
2024-07-31 10:00:00,66217.69052,65981.1,236.5905194,buy,0.0002016365187,13.3041993,0,0,0.001698713456,112.0829824
2024-07-31 11:00:00,65954.40825,66055.3,-100.8917452,sell,0.0004246783641,0,28.05225674,28.05225674,0.001274035092,112.209027
2024-07-31 12:00:00,66030.51161,66112.2,-81.68838617,sell,0.0003185087731,0,21.05731571,49.10957245,0.0009555263192,112.2815196
2024-07-31 13:00:00,66128.64684,66504.5,-375.8531567,sell,0.0002388815798,0,15.88670002,64.99627248,0.0007166447394,112.6563725
2024-07-31 14:00:00,66517.80154,66402.3,115.5015395,buy,0.0004517915795,30,0,34.99627248,0.001168436319,112.5831315
2024-07-31 17:00:00,66375.56776,66615.6,-240.0322362,sell,0.0002921090797,0,19.45902161,54.45529409,0.0008763272392,112.8323589
2024-07-31 18:00:00,66630.62426,66500,130.62426,buy,0.0004511278195,30,0,24.45529409,0.001327455059,112.7310555
2024-07-31 19:00:00,66474.75456,65230.9,1243.854559,buy,0.000374903521,24.45529409,0,0,0.00170235858,111.0463823
2024-07-31 21:00:00,64529.02178,64936.4,-407.3782166,sell,0.0004255896449,0,27.63625942,27.63625942,0.001276768935,110.5450377
2024-07-31 22:00:00,65135.79402,64967,168.7940227,buy,0.0004253891887,27.63625942,0,0,0.001702158123,110.5841068
2024-08-01 0:00:00,64538.79812,64618.6,-79.80187581,sell,0.0004255395309,0,27.49776873,27.49776873,0.001276618593,109.9910749
2024-08-01 1:00:00,64641.0322,64179.2,461.8322048,buy,0.0004284529681,27.49776873,0,0,0.001705071561,109.4301287
2024-08-01 5:00:00,63678.6535,64280.1,-601.446502,sell,0.0004262678902,0,27.40054261,27.40054261,0.00127880367,109.6021704
2024-08-01 6:00:00,64264.28173,64235.7,28.58173191,buy,0.0004265625284,27.40054261,0,0,0.001705366199,109.5453915
2024-08-01 7:00:00,64232.5337,64289.7,-57.16630473,sell,0.0004263415497,0,27.40937033,27.40937033,0.001279024649,109.6374813
2024-08-01 8:00:00,64287.41695,64478.6,-191.183049,sell,0.0003197561623,0,20.61742969,48.02680002,0.0009592684869,109.8790891
2024-08-01 10:00:00,64441.51782,64561.1,-119.5821751,sell,0.0002398171217,0,15.48285718,63.50965719,0.0007194513652,109.9582287
2024-08-01 11:00:00,64564.35559,64618.2,-53.84441405,sell,0.0001798628413,0,11.62241305,75.13207024,0.0005395885239,109.9993094
2024-08-01 12:00:00,64602.0561,64869.2,-267.1439043,sell,0.000134897131,0,8.750668968,83.88273921,0.0004046913929,110.1347461
2024-08-01 13:00:00,64861.40515,64722.3,139.1051536,buy,0.0004635187563,30,0,53.88273921,0.0008682101492,110.075297
2024-08-01 14:00:00,64689.43639,63936.7,752.7363884,buy,0.0004692140821,30,0,23.88273921,0.001337424231,109.3932311
2024-08-01 15:00:00,63981.31464,62849.9,1131.414636,buy,0.0003799964552,23.88273921,0,0,0.001717420686,107.9397184
2024-08-01 16:00:00,62767.36102,62883.5,-116.1389777,sell,0.0004293551716,0,26.99935593,26.99935593,0.001288065515,107.9974237
2024-08-01 17:00:00,62971.0053,63169.7,-198.6946996,sell,0.0003220163787,0,20.34167804,47.34103397,0.0009660491362,108.3660681
2024-08-01 18:00:00,63134.96622,62865.9,269.0662218,buy,0.0004772062438,30,0,17.34103397,0.00144325538,108.0725824
2024-08-01 19:00:00,62835.44761,63394.4,-558.9523867,sell,0.000360813845,0,22.87357721,40.21461119,0.001082441535,108.8353428
2024-08-01 20:00:00,63412.30855,64667.2,-1254.891452,sell,0.0002706103837,0,17.49961581,57.71422699,0.0008118311512,110.2130744
2024-08-01 21:00:00,64730.57978,64849.9,-119.3202193,sell,0.0002029577878,0,13.16179224,70.87601924,0.0006088733634,110.361396
2024-08-01 22:00:00,64811.72431,65147.9,-336.1756947,sell,0.0001522183409,0,9.916705248,80.79272449,0.0004566550226,110.5428402
2024-08-01 23:00:00,65185.5488,65300,-114.4511983,sell,0.0001141637556,0,7.454893243,88.24761773,0.0003424912669,110.6122975
2024-08-02 0:00:00,65265.41665,64850.6,414.8166534,buy,0.0004626017338,30,0,58.24761773,0.0008050930007,110.4583819
2024-08-02 1:00:00,64757.00012,64640,117.0001231,buy,0.0004641089109,30,0,28.24761773,0.001269201912,110.2888293
2024-08-02 2:00:00,64641.89738,64266,375.8973778,buy,0.0004395421798,28.24761773,0,0,0.001708744091,109.8141478
2024-08-02 3:00:00,64282.56289,64526.4,-243.8371064,sell,0.0004271860229,0,27.56477619,27.56477619,0.001281558069,110.2591047
2024-08-02 4:00:00,64526.83434,64437.7,89.13434289,buy,0.0004277740544,27.56477619,0,0,0.001709332123,110.1454305
2024-08-02 6:00:00,64072.29572,64428.1,-355.8042766,sell,0.0004273330308,0,27.53225524,27.53225524,0.001281999092,110.129021
2024-08-02 7:00:00,64474.68211,64126.3,348.382113,buy,0.0004293442041,27.53225524,0,0,0.001711343296,109.7421136
2024-08-02 8:00:00,64127.58903,64522.5,-394.9109672,sell,0.0004278358241,0,27.60503696,27.60503696,0.001283507472,110.4201478
2024-08-02 9:00:00,64533.35022,64463,70.35021981,buy,0.0004282307209,27.60503696,0,0,0.001711738193,110.3437791
2024-08-02 10:00:00,64431.78565,64709.2,-277.4143486,sell,0.0004279345483,0,27.69130227,27.69130227,0.001283803645,110.7652091
2024-08-02 11:00:00,64692.92577,64602.9,90.02576885,buy,0.0004286386876,27.69130227,0,0,0.001712442333,110.6287408
2024-08-02 12:00:00,64593.60826,64796.8,-203.1917382,sell,0.0004281105831,0,27.74019583,27.74019583,0.001284331749,110.9607833
2024-08-02 13:00:00,64791.7252,65191,-399.2747954,sell,0.0003210829373,0,20.93171777,48.6719136,0.000963248812,111.4670669
2024-08-02 14:00:00,65208.71314,63077.9,2130.813144,buy,0.0004756023901,30,0,18.6719136,0.001438851202,109.4316258
2024-08-02 15:00:00,63073.13345,63358.6,-285.4665511,sell,0.0003597128005,0,22.79089944,41.46281304,0.001079138402,109.8355114
2024-08-02 16:00:00,63370.69619,63236.4,134.2961892,buy,0.000474410308,30,0,11.46281304,0.00155354871,109.7036407
2024-08-02 17:00:00,63195.62645,63050.5,145.1264539,buy,0.0001818036819,11.46281304,0,0,0.001735352391,109.414836